{
 "fit_on": "train split only",
 "frequency": {
  "protocol": {
   "type": "frequency",
   "mapping": {
    "other": 0.9996360327570518,
    "arp": 0.00016798488136067754,
    "udp": 8.399244068033877e-05,
    "icmp": 5.599496045355918e-05,
    "tcp": 5.599496045355918e-05
   },
   "unknown": 0.0
  },
  "conn_state": {
   "type": "frequency",
   "mapping": {
    "syn": 0.8462658360747533,
    "fin": 0.10094491495765381,
    "rst": 0.04535591796738293,
    "rej": 0.0067333939945404915,
    "established": 0.0005879470847623714,
    "closed": 6.999370056694898e-05,
    "other": 4.1996220340169385e-05
   },
   "unknown": 0.0
  }
 },
 "impute_medians": {
  "duration": 0.8432529039509913,
  "src_pkts": 0.6516315145832584,
  "dst_pkts": 0.5418430900086738,
  "n_pkts_total": 1.1097884245745848,
  "src_bytes": 0.305175503854314,
  "dst_bytes": 0.21862271965799565,
  "n_bytes_total": 0.5530181276492766,
  "rate": -0.500737741556676,
  "rate_src": -0.3926437596109713,
  "rate_dst": 0.17773943069189563,
  "pkt_size_min": 0.0,
  "pkt_size_max": 0.0,
  "pkt_size_mean": 0.21762224689550197,
  "pkt_size_std": 0.0,
  "iat": 0.8323745291088442,
  "protocol": 0.9996360327570518,
  "conn_state": 0.8462658360747533
 }
}