{
 "fit_on": "train split only (leakage-safe)",
 "robust": {
  "duration": {
   "median": 0.8488912378300548,
   "iqr": 1.3051409899316715
  },
  "src_pkts": {
   "median": 0.6516315145832584,
   "iqr": 0.6123705199274735
  },
  "dst_pkts": {
   "median": 0.5418430900086738,
   "iqr": 0.4960950882085765
  },
  "n_pkts_total": {
   "median": 1.1097884245745848,
   "iqr": 1.1121689992506179
  },
  "src_bytes": {
   "median": 0.30804139424677984,
   "iqr": 0.6237125096969319
  },
  "dst_bytes": {
   "median": 0.21932033696916614,
   "iqr": 0.3603478727029379
  },
  "n_bytes_total": {
   "median": 0.5594913824634756,
   "iqr": 1.1035230118447954
  },
  "rate": {
   "median": -0.5023050310366708,
   "iqr": 0.49891967617344485
  },
  "rate_src": {
   "median": -0.3945353391987152,
   "iqr": 0.4803223496168578
  },
  "rate_dst": {
   "median": 0.17973888850947967,
   "iqr": 0.5073166438368459
  },
  "pkt_size_min": {
   "median": 0.0,
   "iqr": 1.0
  },
  "pkt_size_max": {
   "median": 0.0,
   "iqr": 1.0
  },
  "pkt_size_mean": {
   "median": 0.21762224689550197,
   "iqr": 0.7364120165732692
  },
  "pkt_size_std": {
   "median": 0.0,
   "iqr": 1.0
  },
  "iat": {
   "median": 0.8349908139602431,
   "iqr": 0.8907232881241144
  },
  "protocol": {
   "median": 0.9996360327570518,
   "iqr": 1.0
  },
  "conn_state": {
   "median": 0.8462658360747533,
   "iqr": 1.0
  }
 },
 "angle_[0,pi]": {
  "rate_dst": {
   "min": -1.8279148941509258,
   "max": 1.5068619811457
  },
  "iat": {
   "min": -1.0280393194890851,
   "max": 2.102727913790147
  },
  "rate": {
   "min": -0.9285007789161114,
   "max": 2.4174543826180814
  },
  "rate_src": {
   "min": -2.372642763138015,
   "max": 2.9174049339666395
  },
  "duration": {
   "min": -0.6567982763398399,
   "max": 5.392627093105531
  },
  "dst_bytes": {
   "min": -2.6748848270027095,
   "max": 3.897559230893053
  },
  "conn_state": {
   "min": -0.8462238398544131,
   "max": 0.0
  },
  "dst_pkts": {
   "min": -2.015742594047945,
   "max": 5.804953308842003
  },
  "n_pkts_total": {
   "min": -1.9716692737003694,
   "max": 6.051883931566769
  },
  "src_pkts": {
   "min": -2.0845478047393016,
   "max": 7.470512708853272
  },
  "n_bytes_total": {
   "min": -2.3003400342596048,
   "max": 4.007176457239803
  },
  "pkt_size_mean": {
   "min": -2.1982517950917577,
   "max": 3.7115380890986414
  },
  "protocol": {
   "min": -0.9995800377965982,
   "max": 0.0
  },
  "src_bytes": {
   "min": -2.4730295296457867,
   "max": 6.125942969150639
  },
  "pkt_size_min": {
   "min": 0.0,
   "max": 0.0
  },
  "pkt_size_max": {
   "min": 0.0,
   "max": 0.0
  },
  "pkt_size_std": {
   "min": 0.0,
   "max": 0.0
  }
 }
}