{
 "fit_on": "train split only (leakage-safe)",
 "robust": {
  "duration": {
   "median": 0.0,
   "iqr": 0.9315672793323836
  },
  "n_pkts_total": {
   "median": 1.3862943611198906,
   "iqr": 5.52480535211579
  },
  "n_bytes_total": {
   "median": 0.0,
   "iqr": 0.9784901618675309
  },
  "src_pkts": {
   "median": 0.0,
   "iqr": 1.0
  },
  "dst_pkts": {
   "median": 0.0,
   "iqr": 1.0
  },
  "src_bytes": {
   "median": 0.0,
   "iqr": 1.0
  },
  "dst_bytes": {
   "median": 0.0,
   "iqr": 1.0
  },
  "rate": {
   "median": -0.012770437111934768,
   "iqr": 0.9649089380089301
  },
  "rate_src": {
   "median": 0.0,
   "iqr": 1.0
  },
  "rate_dst": {
   "median": 0.0,
   "iqr": 1.0
  },
  "pkt_size_min": {
   "median": 0.0,
   "iqr": 1.0
  },
  "pkt_size_max": {
   "median": 0.0,
   "iqr": 0.7527139718738531
  },
  "pkt_size_mean": {
   "median": 0.0,
   "iqr": 0.9782642144148311
  },
  "pkt_size_std": {
   "median": 0.0,
   "iqr": 0.7462209435759599
  },
  "iat": {
   "median": -0.0034213346013807896,
   "iqr": 0.9578586808833028
  },
  "protocol": {
   "median": 0.5092989119743353,
   "iqr": 0.3392400466080535
  },
  "conn_state": {
   "median": 0.5499447664300955,
   "iqr": 0.3346095062270176
  }
 },
 "angle_[0,pi]": {
  "n_pkts_total": {
   "min": -0.25092184661111955,
   "max": 84.41634282899659
  },
  "duration": {
   "min": 0.0,
   "max": 98.74093743580971
  },
  "pkt_size_max": {
   "min": -2.85016210764553,
   "max": 70.01218259209637
  },
  "pkt_size_std": {
   "min": 0.0,
   "max": 29.18910128303394
  },
  "pkt_size_mean": {
   "min": -3.2523839408898043,
   "max": 68.71796557922134
  },
  "n_bytes_total": {
   "min": -30.392892125177852,
   "max": 59.874389642387186
  },
  "pkt_size_min": {
   "min": -3.2597145763975988,
   "max": 54.032697852599
  },
  "protocol": {
   "min": -1.5009590507627797,
   "max": 0.0
  },
  "conn_state": {
   "min": -1.368171128798842,
   "max": 0.0
  },
  "rate": {
   "min": -0.7955986202480764,
   "max": 3.804547810615366
  },
  "iat": {
   "min": -314.86355542751454,
   "max": 320.13729572667404
  },
  "rate_dst": {
   "min": 0.0,
   "max": 0.1627155853364791
  },
  "rate_src": {
   "min": 0.0,
   "max": 0.0
  },
  "src_pkts": {
   "min": 0.0,
   "max": 0.0
  },
  "dst_bytes": {
   "min": 0.0,
   "max": 0.0
  },
  "src_bytes": {
   "min": 0.0,
   "max": 0.0
  },
  "dst_pkts": {
   "min": 0.0,
   "max": 0.0
  }
 }
}