{
 "fit_on": "train split only (leakage-safe)",
 "robust": {
  "duration": {
   "median": 0.04839649978188923,
   "iqr": 0.8531838016553184
  },
  "n_pkts_total": {
   "median": 0.0,
   "iqr": 0.7248301433933959
  },
  "n_bytes_total": {
   "median": 0.10673338312259498,
   "iqr": 0.8819772066185958
  },
  "src_pkts": {
   "median": 0.0,
   "iqr": 1.0
  },
  "dst_pkts": {
   "median": 0.0,
   "iqr": 1.0
  },
  "src_bytes": {
   "median": 0.05015726709112405,
   "iqr": 0.7954575068684713
  },
  "dst_bytes": {
   "median": 0.0,
   "iqr": 1.0
  },
  "rate": {
   "median": 0.025594447445313806,
   "iqr": 0.9461697934766846
  },
  "rate_src": {
   "median": 0.03649376052140099,
   "iqr": 1.0035148409613255
  },
  "rate_dst": {
   "median": 0.0,
   "iqr": 1.0
  },
  "pkt_size_min": {
   "median": 0.0,
   "iqr": 1.5023964258194045
  },
  "pkt_size_max": {
   "median": 0.033371094171355004,
   "iqr": 1.0026302024598999
  },
  "pkt_size_mean": {
   "median": 0.08353365725959393,
   "iqr": 1.0197487625566657
  },
  "pkt_size_std": {
   "median": 0.16721928301621192,
   "iqr": 1.023506821434437
  },
  "iat": {
   "median": 0.0,
   "iqr": 1.0
  },
  "protocol": {
   "median": 0.5618343604481396,
   "iqr": 0.12546681215325267
  },
  "conn_state": {
   "median": 0.5476417341591234,
   "iqr": 0.2794725598979545
  }
 },
 "angle_[0,pi]": {
  "rate": {
   "min": -1.1227825094984891,
   "max": 77.0448304649525
  },
  "n_bytes_total": {
   "min": -3.1061407683308193,
   "max": 18.71808862753033
  },
  "rate_src": {
   "min": -1.1236916423550465,
   "max": 77.5171083002438
  },
  "dst_pkts": {
   "min": 0.0,
   "max": 11.62869759121398
  },
  "n_pkts_total": {
   "min": -2.131322541493832,
   "max": 17.728230303854918
  },
  "dst_bytes": {
   "min": 0.0,
   "max": 18.52486028353238
  },
  "src_bytes": {
   "min": -3.9920043569089203,
   "max": 21.545182489250358
  },
  "src_pkts": {
   "min": -1.3547556456757268,
   "max": 13.040046890947131
  },
  "duration": {
   "min": -3.537143364162758,
   "max": 5.732533324178874
  },
  "rate_dst": {
   "min": 0.0,
   "max": 9.763783128066782
  },
  "pkt_size_std": {
   "min": -0.274325074151263,
   "max": 1.1583379286127813
  },
  "pkt_size_max": {
   "min": -0.86376692077995,
   "max": 0.25280564237628206
  },
  "conn_state": {
   "min": -1.9591146549353864,
   "max": 0.0
  },
  "pkt_size_mean": {
   "min": -0.6096759255462858,
   "max": 0.9375200073894858
  },
  "protocol": {
   "min": -4.47782949534542,
   "max": 0.0
  },
  "pkt_size_min": {
   "min": 0.0,
   "max": 3.056533478336819
  },
  "iat": {
   "min": 0.0,
   "max": 0.0
  }
 }
}