{
 "fit_on": "train split only (leakage-safe)",
 "robust": {
  "duration": {
   "median": 2.7890830360326007,
   "iqr": 14.270472257077886
  },
  "src_pkts": {
   "median": 1.1989778467157899,
   "iqr": 0.9247041696625753
  },
  "dst_pkts": {
   "median": 0.3690702464285425,
   "iqr": 1.140313995589965
  },
  "n_pkts_total": {
   "median": 2.0330216138622594,
   "iqr": 2.367322677331452
  },
  "src_bytes": {
   "median": 0.8856027412448122,
   "iqr": 1.1233316702626421
  },
  "dst_bytes": {
   "median": 1.1528011595788283,
   "iqr": 1.6800889412878106
  },
  "n_bytes_total": {
   "median": 1.7666704279836494,
   "iqr": 2.826911646063933
  },
  "rate": {
   "median": 0.23531856107250632,
   "iqr": 2.0015358099814584
  },
  "rate_src": {
   "median": 0.13797745074273388,
   "iqr": 1.3809229852449418
  },
  "rate_dst": {
   "median": 0.01899175779034797,
   "iqr": 0.7388407957013466
  },
  "pkt_size_min": {
   "median": 0.0,
   "iqr": 1.0
  },
  "pkt_size_max": {
   "median": 0.0,
   "iqr": 1.0
  },
  "pkt_size_mean": {
   "median": 0.0,
   "iqr": 1.0
  },
  "pkt_size_std": {
   "median": 0.0,
   "iqr": 1.0
  },
  "iat": {
   "median": 0.0,
   "iqr": 1.0
  },
  "protocol": {
   "median": 0.7877727257858755,
   "iqr": 1.0
  },
  "conn_state": {
   "median": 0.6918484838572503,
   "iqr": 0.5743187988616663
  }
 },
 "angle_[0,pi]": {
  "dst_pkts": {
   "min": -0.8769514395748772,
   "max": 7.603508908524248
  },
  "protocol": {
   "min": -0.7863170979032417,
   "max": 0.0
  },
  "src_pkts": {
   "min": -2.114674842220473,
   "max": 9.819117663118616
  },
  "dst_bytes": {
   "min": -0.6861548405259967,
   "max": 2.216576932655569
  },
  "n_bytes_total": {
   "min": -0.6249471682086292,
   "max": 2.5478649137252245
  },
  "src_bytes": {
   "min": -0.7883715599665704,
   "max": 3.0610487242603814
  },
  "conn_state": {
   "min": -1.2033888651573401,
   "max": 0.0
  },
  "duration": {
   "min": -0.19566823672609274,
   "max": 14.960622538273718
  },
  "rate_src": {
   "min": -8475.46069714411,
   "max": 16950.647065605994
  },
  "n_pkts_total": {
   "min": -1.444848307986216,
   "max": 5.704181222277988
  },
  "rate_dst": {
   "min": -45171.914188109906,
   "max": 15057.285511032553
  },
  "rate": {
   "min": -10724.541759018053,
   "max": 12222.26247912458
  },
  "pkt_size_min": {
   "min": 0.0,
   "max": 0.0
  },
  "pkt_size_max": {
   "min": 0.0,
   "max": 0.0
  },
  "pkt_size_mean": {
   "min": 0.0,
   "max": 0.0
  },
  "pkt_size_std": {
   "min": 0.0,
   "max": 0.0
  },
  "iat": {
   "min": 0.0,
   "max": 0.0
  }
 }
}